,show_id,type,title,director,cast,country,date_added,release_year,rating,duration,listed_in,description
0,s407,Movie,Chhota Bheem - Neeli Pahaadi,Rajiv Chilaka,"Vatsal Dubey, Julie Tejwani, Rupa Bhimani, Jigna Bhardwaj, Rajesh Kava, Mousam, Swapnil",,"July 22, 2021",2013,+7,64 min,Children & Family Movies,"Things get spooky when Bheem and his buddies travel to the border of Dholakpur, known for its eerie history and rumored to be haunted."
1,s408,Movie,Chhota Bheem & Ganesh,Rajiv Chilaka,"Vatsal Dubey, Julie Tejwani, Rupa Bhimani, Jigna Bhardwaj, Rajesh Kava, Mousam, Swapnil",,"July 22, 2021",2009,+7,68 min,Children & Family Movies,"Bheem and Lord Ganesha join forces to save Dholakpur from fire-spitting dragons, who have also captured Ganesh’s mouse companion!"
2,s409,Movie,Chhota Bheem & Krishna: Mayanagari,Rajiv Chilaka,"Vatsal Dubey, Julie Tejwani, Rupa Bhimani, Jigna Bhardwaj, Rajesh Kava, Mousam, Swapnil",,"July 22, 2021",2011,+7,67 min,Children & Family Movies,Young lord Krishna has fallen for demoness Maayandri’s revenge plot against him! Can Bheem rescue him and thwart Maayandri’s other destructive plans?
3,s410,Movie,Chhota Bheem & Krishna: Pataliputra- City of the Dead,Rajiv Chilaka,"Vatsal Dubey, Julie Tejwani, Rupa Bhimani, Jigna Bhardwaj, Rajesh Kava, Arun Shekher, Sanchit Wartak",,"July 22, 2021",2010,+7,66 min,Children & Family Movies,Krishna needs Bheem’s help: The ruined city of Pataliputra has been cursed! Can the friends do what it takes to bring light back into this town?
4,s411,Movie,Chhota Bheem And The Broken Amulet,Rajiv Chilaka,"Vatsal Dubey, Julie Tejwani, Rupa Bhimani, Jigna Bhardwaj, Rajesh Kava, Mousam, Swapnil",India,"July 22, 2021",2013,+7,64 min,Children & Family Movies,"When a stranger tries to steal an amulet from the palace, Bheem learns the sad story behind the ornament and heads to Africa to defeat the real villain."
5,s412,Movie,Chhota Bheem And The Crown of Valhalla,Rajiv Chilaka,"Vatsal Dubey, Julie Tejwani, Rupa Bhimani, Jigna Bhardwaj, Rajesh Kava, Mousam, Swapnil",,"July 22, 2021",2013,+7,64 min,Children & Family Movies,"To save the kingdom of Valhalla from invasion by Vikings, Bheem is gathering his army of friends, who are ready to put up a formidable fight!"
6,s413,Movie,Chhota Bheem and the Incan Adventure,Rajiv Chilaka,"Vatsal Dubey, Julie Tejwani, Rupa Bhimani, Jigna Bhardwaj, Rajesh Kava, Mousam, Swapnil",,"July 22, 2021",2013,+7,65 min,Children & Family Movies,"When Dholakpur’s princess is kidnapped, Bheem is off to the land of the Incas to save her, but he’s in for an even bigger challenge upon his arrival."
7,s414,Movie,Chhota Bheem and The ShiNobi Secret,Rajiv Chilaka,"Vatsal Dubey, Julie Tejwani, Rupa Bhimani, Jigna Bhardwaj, Rajesh Kava, Mousam, Swapnil",,"July 22, 2021",2013,+7,64 min,Children & Family Movies,"After learning of a samurai village under threat by their own emperor, Bheem sets off for Japan to offer his help."
8,s415,Movie,Chhota Bheem Aur Hanuman,Rajiv Chilaka,"Vatsal Dubey, Julie Tejwani, Rupa Bhimani, Jigna Bhardwaj, Rajesh Kava, Mousam, Swapnil",,"July 22, 2021",2012,+7,68 min,Children & Family Movies,"When two evil entities kidnap a princess in a plot to build a new kingdom, Bheem takes them on with the help of the courageous monkey god Hanuman."
9,s416,Movie,Chhota Bheem aur Krishna,Rajiv Chilaka,"Vatsal Dubey, Julie Tejwani, Rupa Bhimani, Jigna Bhardwaj, Rajesh Kava, Arun Shekher, Sanchit Wartak",India,"July 22, 2021",2009,+7,68 min,Children & Family Movies,"Centuries after the end of a conqueror's rule, he is mysteriously back from the dead. It’s up to Bheem to save Dholakpur from being taken over!"
10,s417,Movie,Chhota Bheem aur Krishna vs Zimbara,Rajiv Chilaka,"Vatsal Dubey, Julie Tejwani, Rupa Bhimani, Jigna Bhardwaj, Rajesh Kava, Mousam, Swapnil",,"July 22, 2021",2013,+7,64 min,Children & Family Movies,"A demon of darkness is plotting world domination — but when Bheem and Krishna catch wind of his plans, they’ll stop at nothing to destroy him."
11,s420,Movie,Chhota Bheem: Bheem vs Aliens,Rajiv Chilaka,"Vatsal Dubey, Julie Tejwani, Rupa Bhimani, Jigna Bhardwaj, Rajesh Kava, Mousam, Swapnil",,"July 22, 2021",2010,+7,69 min,"Children & Family Movies, Sports Movies",Space invaders have kidnapped Dholakpur’s king and princess! The only way Bheem can rescue them? Defeat the aliens in a cricket match.
12,s421,Movie,Chhota Bheem: Dholakpur to Kathmandu,Rajiv Chilaka,"Vatsal Dubey, Julie Tejwani, Rupa Bhimani, Jigna Bhardwaj, Rajesh Kava, Mousam, Swapnil",,"July 22, 2021",2012,+7,70 min,Children & Family Movies,Bheem’s holiday in Nepal takes an unexpected turn when he is called on to save a monkey cub from snow leopards and reunite him with his father.
13,s422,Movie,Chhota Bheem: Dus Pe Dus,Rajiv Chilaka,"Vatsal Dubey, Julie Tejwani, Rupa Bhimani, Jigna Bhardwaj, Rajesh Kava, Mousam, Swapnil",,"July 22, 2021",2014,+7,63 min,Children & Family Movies,"After a precious temple stone is stolen under his watch, Bheem trains in a special martial art to prepare for a showdown with the thief."
14,s423,Movie,Chhota Bheem: Journey to Petra,Rajiv Chilaka,"Vatsal Dubey, Julie Tejwani, Rupa Bhimani, Jigna Bhardwaj, Rajesh Kava",,"July 22, 2021",2011,+7,68 min,Children & Family Movies,"The king has been away to meet an old friend, but when he sends for urgent help, Bheem finds himself on an action-packed rescue mission to Egypt!"
15,s424,Movie,Chhota Bheem: Master of Shaolin,Rajiv Chilaka,"Pooja Punabi, Mausam, Julie Tejwani, Rupa Bhimani, Jigna Bhardwaj, Rajesh Kava, Parigna Pandya",,"July 22, 2021",2011,+7,74 min,Children & Family Movies,"Summoned by a monk to help reclaim a temple from a dangerous leader, Bheem must master the Shaolin kung fu techniques if he wants a fighting chance!"
16,s425,Movie,Chhota Bheem: The Rise of Kirmada,Rajiv Chilaka,"Vatsal Dubey, Julie Tejwani, Rupa Bhimani, Jigna Bhardwaj, Rajesh Kava, Mousam, Swapnil",,"July 22, 2021",2012,+7,68 min,Children & Family Movies,Bheem and young lord Krishna team up to protect the world against the wicked and powerful Kirmada and his equally dangerous bat army.
17,s530,Movie,Return of the Prodigal Son,Youssef Chahine,"Majida El Roumi, Souheir El Morshidy, Shoukry Sarhan, Huda Sultan, Mahmoud El Meleigy, Ahmad Mehrez, Hesham Selim",Egypt,"July 6, 2021",1976,+18,124 min,"Dramas, International Movies","Freed after spending 12 years in jail, a man's homecoming turns into a dark affair as his disillusion clashes with his family's expectations."
18,s938,Movie,Motu Patlu in Dragon's World,Suhas Kadav,Saurav Chakrabarty,,"May 1, 2021",2017,+7,78 min,"Children & Family Movies, Comedies","A trip to a magical land of dragons turns action-packed when Motu, Patlu and friends must help protect the kingdom from an evil neighbor."
19,s939,Movie,Motu Patlu in the Game of Zones,Suhas Kadav,Saurav Chakraborty,,"May 1, 2021",2019,+7,87 min,"Children & Family Movies, Comedies, Music & Musicals","A board game becomes all too real for buddies Motu and Patlu when they get transported into its world of monsters, magic and mayhem."
20,s940,Movie,Motu Patlu in Wonderland,Suhas Kadav,"Saurav Chakraborty, Omi Sharma, Sankalp, Brian D Costa, Renu Sharda, Chinmey Sharma, Anamay Verma, Parminder Ghumman, Shailendra Pandey, Ravi Rajesh",,"May 1, 2021",2013,+7,76 min,"Children & Family Movies, Music & Musicals","When pals Motu and Patlu take a ride in their scientist friend’s newly built plane, a crash-landing on a strange island leads to action and adventure."
21,s941,Movie,Motu Patlu: Deep Sea Adventure,Suhas Kadav,"Saurav Chakraborty, Vinod Kulkarni, Mayur Vyas, Dilip Sinha, Sunita Sharma",,"May 1, 2021",2014,+7,76 min,"Children & Family Movies, Comedies",Friends Motu and Patlu get more maritime excitement than anticipated when the sinking of their ship sends them on a journey through the ocean floor!
22,s942,Movie,Motu Patlu: Mission Moon,Suhas Kadav,"Saurav Chakraborty, Omee, Sankalp, Rajesh, Vinod Kulkarni, Roopa Bhimani, Khushboo Atre, Shailendra Pandey, Shrikant Naidu, Khusboo, Nandkishore, Brian Dcosta",,"May 1, 2021",2013,+7,71 min,"Children & Family Movies, Comedies",An otherworldly enemy has been turning the moon’s soil into gold for his own greedy interests! Can friends Motu and Patlu stop him?
23,s1007,Movie,Motu Patlu Dino Invasion,Suhas Kadav,"Sourav Chakraborty, Mayur Vyas, Anil Datt",,"April 20, 2021",2018,+7,80 min,"Children & Family Movies, Comedies","A time machine sends Motu and Patlu back to the dinosaur period, but the real trouble starts when the reptiles travel back to the present day with them!"
24,s1008,Movie,Motu Patlu in Octupus World,Suhas Kadav,"Sourav Chakraborty, Vidit Kumar, Mayur Vyas, Mahendra Bhatnagar, Dishi Duggal, Nandkishore Pandey",,"April 20, 2021",2017,-6,81 min,"Children & Family Movies, Comedies","While returning a goldfish and an octopus from an aquarium to the sea, Motu and Patlu must also save the goldfish’s family from a mean, tentacled queen."
25,s1009,Movie,Motu Patlu VS Robo Kids,Suhas Kadav,"Sourav Chakraborty, Anil Dutt",,"April 20, 2021",2019,-6,84 min,Children & Family Movies,"For Motu, facing off against three children becomes an unexpected challenge when he realizes they have superstrength — and a secret!"
26,s1072,Movie,Motu Patlu in Hong Kong: Kung Fu Kings 3,Suhas Kadav,"Saurav Chakraborty, Sankalp Rastogi, Anamaya Varma, Aditya Raaj, Manoj Pandey",,"April 13, 2021",2017,+7,84 min,"Children & Family Movies, Music & Musicals","With a dangerous villain to defeat in Hong Kong, Motu takes his martial arts skills to the next level, training with a boneless master to face the foe."
27,s1073,Movie,Motu Patlu in the City of Gold,Suhas Kadav,"Saurav Chakraborty, Ganesh Diweker, Arpita Vora, Manoj Pandey, Mayur Vyas, Sanjeev Tiwari, Nandkishore Pandey, Aditya Raaj",,"April 13, 2021",2018,+7,77 min,"Children & Family Movies, Comedies, Music & Musicals","Defeated by the strong yet naive Motu in a race, an evil horseback rider challenges him to a more dangerous mission: finding a lost city of treasure!"
28,s1074,Movie,Motu Patlu Kung Fu Kings 4 The Challenge of Kung Fu Brothers,Suhas Kadav,"Saurav Chakraborty, Sanket Mhatre, Kamal Chaturvedi, Warren Dsouza, Trilok Patel, Manish Bhuvan",,"April 13, 2021",2018,+7,86 min,"Children & Family Movies, Music & Musicals","While in Japan, best friends Motu and Patlu have only one month to train for an epic martial arts battle against two wicked but highly skilled brothers."
29,s1075,Movie,Motu Patlu the Superheroes – Super Villains from Mars,Suhas Kadav,Saurav Chakraborty,,"April 13, 2021",2019,+7,79 min,Children & Family Movies,"Friends Motu and Patlu must save the world from three space thieves, but the job gets much harder when a cosmic collision gives the enemies superpowers!"
30,s1077,Movie,Shiva VS Autobots,Suhas Kadav,,,"April 13, 2021",2018,+7,80 min,Children & Family Movies,"When an evil enemy gains control of a gadget that sends vehicles destructively spinning out of control, kid superhero Shiva must stop the chaos!"
31,s1078,Movie,Shiva: Journey to Plunotaria,Suhas Kadav,,,"April 13, 2021",2019,+7,81 min,Children & Family Movies,Young superhero Shiva must use his powers to thwart a scheming scientist’s plans to blast Earth with explosive pellets from planet Plunotaria.
32,s1079,Movie,Shiva: The Secret World Of Vedas City,Suhas Kadav,,,"April 13, 2021",2017,-6,78 min,Children & Family Movies,"When the residents of Vedas are ordered to evacuate by a prince who claims the town as his own, young Shiva sets out to save the city and its citizens."
33,s1359,Movie,Shutter Island,Martin Scorsese,"Leonardo DiCaprio, Mark Ruffalo, Ben Kingsley, Max von Sydow, Michelle Williams, Emily Mortimer, Patricia Clarkson, Jackie Earle Haley, Ted Levine, John Carroll Lynch, Elias Koteas",United States,"February 1, 2021",2010,+18,139 min,Thrillers,A U.S. marshal's troubling visions compromise his investigation into the disappearance of a patient from a hospital for the criminally insane.
34,s1498,Movie,"Hello, Love, Goodbye",Cathy Garcia-Molina,"Kathryn Bernardo, Alden Richards, Maymay Entrata, Maricel Laxa, Joross Gamboa, Jameson Blake, Kaka Bautista, Lito Pimentel, Jeffrey Tam, Lovely Abella",Philippines,"December 24, 2020",2019,+14,117 min,"Dramas, International Movies, Romantic Movies","In Hong Kong, the lives of two overseas Filipino workers intertwine as they navigate daily duties, career aspirations and romantic possibilities."
35,s1648,Movie,Unexpectedly Yours,Cathy Garcia-Molina,"Sharon Cuneta, Robin Padilla, Julia Barretto, Joshua Garcia, John Estrada, Pilar Pilapil, Marissa Delgado, Maritoni Fernandez",Philippines,"November 26, 2020",2017,+14,121 min,"Comedies, International Movies, Romantic Movies","A pair of former batchmates cross paths 30 years later when they wind up as new neighbors, and their reconnection soon blossoms into something more."
36,s1678,Movie,My Amnesia Girl,Cathy Garcia-Molina,"John Lloyd Cruz, Toni Gonzaga, Carlos Agassi, Ketchup Eusebio, Joross Gamboa, JM de Guzman, Beatriz Saw, Nico Antonio",Philippines,"November 19, 2020",2010,+14,105 min,"International Movies, Romantic Movies","Years after leaving his bride-to-be at the altar, a man crosses paths with his ex and tries to make up for the past, only to find he's been forgotten."
37,s1683,Movie,Three Words to Forever,Cathy Garcia-Molina,"Sharon Cuneta, Richard Gomez, Kathryn Bernardo, Liza Lorena, Freddie Webb, Tommy Esguerra, Joross Gamboa, Tobie Dela Cruz",Philippines,"November 19, 2020",2018,PG,107 min,"Comedies, Dramas, International Movies","As they near their 25th wedding anniversary, Rick and Cristy try to conceal their crumbling marriage while their family prepares for a big celebration."
38,s1708,Movie,A Very Special Love,Cathy Garcia-Molina,"John Lloyd Cruz, Sarah Geronimo, Dante Rivero, Rowell Santiago, Johnny Revilla, Bing Pimental, Daphne Oseña-Paez, Al Tantay, Irma Adlawan, Arno Morales, Miles Ocampo",Philippines,"November 12, 2020",2008,PG,107 min,"International Movies, Romantic Movies","After landing a job working for her longtime crush, an optimistic woman realizes that the man of her dreams isn't exactly who she envisioned."
39,s1810,Movie,The Hows of Us,Cathy Garcia-Molina,"Kathryn Bernardo, Daniel Padilla, Darren Espanto, Jean Garcia, Susan Africa, Ria Atayde, Kit Thompson, Odette Khan, Alwyn Uytingco, Juan Miguel Severo",Philippines,"October 22, 2020",2018,+14,120 min,"Dramas, International Movies, Romantic Movies","A young couple's house was once a happy home. But with one as the breadwinner and the other looking for a big break, can love still live here?"
40,s2355,Movie,Destiny,Youssef Chahine,"Nour El-Sherif, Laila Elwi, Mahmoud Hemeida, Safia el-Emari, Mohamed Mounir, Khaled El Nabawy, Seif Abdelrahman, Abdalla Mahmoud, Ahmed Fouad Selim, Magdi Idris","France, Egypt","June 19, 2020",1997,+14,136 min,"Dramas, International Movies","In 12th-century Spain, a philosopher and his profound teachings jeopardize the caliph he serves when political rivals threaten a government upheaval."
41,s2362,Movie,The Emigrant,Youssef Chahine,"Khaled El Nabawy, Hanan Turk, Yousra, Mahmoud Hemeida, Safia el-Emari, Michel Piccoli, Ahmed Bedir","Egypt, France","June 19, 2020",1994,+14,130 min,"Dramas, International Movies",Ram leaves the nomadic life and embarks on a quest for knowledge in a pharaonic Egypt mired in political intrigue. Based on a biblical story.
42,s2366,Movie,Alexandria ... Why?,Youssef Chahine,"Naglaa Fathi, Farid Shawqy, Mohsen Mohiedine, Ezzat El Alaili, Abdalla Mahmoud, Youssef Wahby, Yehia Chahine, Laila Fawzy, Mahmoud El Meleigy, Ahmed Zaki, Gerry Sundquist","Egypt, Algeria","June 18, 2020",1979,+18,131 min,"Classic Movies, Dramas, International Movies","Living in Alexandria during World War II, an Egyptian teen enamored with American films dreams of making it in Hollywood."
43,s2367,Movie,Alexandria: Again and Forever,Youssef Chahine,"Youssef Chahine, Yousra, Hussein Fahmy, Amr Abdel-Geleel, Taheya Cariocca, Hesham Selim, Huda Sultan, Ragaa Hussein","France, Egypt","June 18, 2020",1989,+18,109 min,"Classic Movies, Dramas, International Movies","At the peak of his career, Yehia joins a hunger strike, becomes smitten and reckons with a creative crisis — but finds a new muse."
44,s2368,Movie,An Egyptian Story,Youssef Chahine,"Nour El-Sherif, Magda El-Khatib, Yousra, Mohsen Mohiedine, Oussama Nadir, Layla Hamadah, Mohamed Mounir, Ragaa Hussein",Egypt,"June 18, 2020",1982,+18,129 min,"Classic Movies, Dramas, Independent Movies","While undergoing heart surgery in London, Yehia reflects on his life as his heart chamber becomes a courtroom where he's tried for his mistakes."
45,s2369,Movie,Cairo Station,Youssef Chahine,"Farid Shawqy, Hind Rostom, Youssef Chahine, Hassan el Baroudi, Abdel Aziz Khalil, Naima Wasfy, Said Khalil, Abdel Ghani Nagdi",Egypt,"June 18, 2020",1958,+14,73 min,"Classic Movies, Dramas, International Movies",A Cairo newsstand vendor's fantasies morph into a dangerous fixation with a lemonade seller as a serial killer begins terrorizing the city.
46,s2370,Movie,Dark Waters,Youssef Chahine,"Faten Hamama, Omar Sharif, Ahmed Ramzy, Hussein Riad, Ferdoos Mohammed, Aziza Helmy, Tawfik El Deken",Egypt,"June 18, 2020",1956,+14,104 min,"Classic Movies, Dramas, International Movies","A fisherman returns home after a three-year absence only to find the woman he loves drifting away, the sailors feuding and his community unraveling."
47,s2374,Movie,Saladin,Youssef Chahine,"Ahmad Mazhar, Salah Zo El Faqqar, Nadia Lotfi, Hamdy Gheith, Laila Fawzy, Omar El-Hariri, Laila Taher, Hussein Riad, Mahmoud El Meleigy, Zaki Tolaimat",Egypt,"June 18, 2020",1963,+18,194 min,"Action & Adventure, Classic Movies, Dramas",The Sultan of Egypt and Syria launches a campaign to retake Jerusalem amid the Crusades.
48,s2376,Movie,The Blazing Sun,Youssef Chahine,"Omar Sharif, Faten Hamama, Zaki Rostom, Farid Shawqy, Abdel-Wareth Asar, Menassa Fahmy, Abdelghany Kamar, Hamdy Gheith, Mohsen Hassanein, Rafeaa El Shal",Egypt,"June 18, 2020",1954,+14,116 min,"Classic Movies, Dramas, International Movies",Competition between sugar cane producers turns deadly after a greedy landlord conspires against an agricultural engineer who falls for his daughter.
49,s2377,Movie,The Land,Youssef Chahine,"Hamdy Ahmed, Nagwa Ibrahim, Ezzat El Alaili, Tawfik El Deken, Yehia Chahine, Mahmoud El Meleigy, Salah El-Saadany, Ali El Sherif",Egypt,"June 18, 2020",1970,+18,130 min,"Classic Movies, Dramas, International Movies",A group of peasant farmers fights to protect their village against a corrupt landowner. Adapted from the popular novel by Abdel Rahman al-Sharqawi.
50,s2461,Movie,The Other,Youssef Chahine,"Nabila Ebeid, Mahmoud Hemeida, Hanan Turk, Hani Salama, Lebleba, Hassan Abdel Hamid, Ezzat Abou Aouf, Ahmed Fouad Selim, Amr Saad, Ahmad Wafiq","France, Egypt","May 29, 2020",1999,+18,106 min,"Dramas, International Movies, Romantic Movies","When a graduate student elopes with a plucky reporter, his wealthy, possessive mother connives with his militant brother-in-law to wreck the union."
51,s2508,TV Show,Patton Oswalt: I Love Everything,Marcus Raboy,"Patton Oswalt, Bob Rubin",United States,"May 19, 2020",2020,+18,1 Season,"Stand-Up Comedy & Talk Shows, TV Comedies",Turning 50. Finding love again. Buying a house. Experiencing existential dread at Denny's. Life comes at Patton Oswalt fast in this stand-up special.
52,s2633,Movie,No Direction Home: Bob Dylan,Martin Scorsese,"Bob Dylan, Joan Baez, Dave Van Ronk, Peter Yarrow, Allen Ginsberg, Pete Seeger, Maria Muldaur, Mavis Staples, Al Kooper, Tony Glover","United Kingdom, United States, Japan","April 25, 2020",2005,+18,208 min,"Documentaries, Music & Musicals","Featuring rare concert footage and interviews with legendary musicians, this documentary traces Bob Dylan's life story and extraordinary career."
53,s2696,Movie,The Main Event,Jay Karas,"Seth Carr, Tichina Arnold, Adam Pally, Ken Marino, Mike 'The Miz' Mizanin, Momona Tamada, Keith Lee, Babatunde Aiyegbusi, Kofi Kingston",United States,"April 10, 2020",2020,PG,103 min,"Children & Family Movies, Comedies, Sports Movies","Using special powers from a magical mask, a young WWE fan causes chaos when he enters a wrestling competition and fights an intimidating rival."
54,s2718,Movie,Chhota Bheem and the Curse of Damyaan,Rajiv Chilaka,"Kaustav Ghosh, Jigna Bhardwaj, Chutki, Rajesh Kava, Mausam, Guru Shambu, Arun Shekar, Julie Tejwani, Anamaya Verma",India,"April 1, 2020",2012,+7,87 min,Children & Family Movies,An evil demon who traded his freedom for immortality lures Chhota Bheem and his friends to the city of Sonapur with tales of hidden treasure.
55,s2738,Movie,Mighty Raju Rio Calling,Rajiv Chilaka,,India,"April 1, 2020",2014,+7,97 min,"Children & Family Movies, Sports Movies","Mighty Raju preps for a new adventure in Rio de Janeiro, where he goes toe-to-toe with rival soccer players, faces capoeira fighters and more."
56,s2850,Movie,Taylor Tomlinson: Quarter-Life Crisis,Marcus Raboy,Taylor Tomlinson,United States,"March 3, 2020",2020,+18,61 min,Stand-Up Comedy,"She's halfway through her 20s — and she's over it. Too old to party, too young to settle down, comedian Taylor Tomlinson takes aim at her life choices."
57,s2861,Movie,Hugo,Martin Scorsese,"Ben Kingsley, Sacha Baron Cohen, Asa Butterfield, Chloë Grace Moretz, Ray Winstone, Emily Mortimer, Christopher Lee, Helen McCrory, Michael Stuhlbarg, Frances de la Tour, Jude Law, Johnny Depp, Edmund Kingsley, Richard Griffiths, Angus Barnett, Michael Pitt, Gulliver McGrath, Eric Moreau, Chloe Grace Moretz","United Kingdom, United States, France","March 1, 2020",2011,SP,127 min,"Children & Family Movies, Dramas","Living inside a Paris train station, an orphan eludes the rigid stationmaster, meets a legendary filmmaker and finds the key to unlocking his destiny."
58,s3228,Movie,The Irishman,Martin Scorsese,"Robert De Niro, Al Pacino, Joe Pesci, Harvey Keitel, Ray Romano, Bobby Cannavale, Anna Paquin, Stephen Graham, Stephanie Kurtzuba, Kathrine Narducci, Welker White, Jesse Plemons, Jack Huston, Domenick Lombardozzi, Louis Cancelmi, Paul Herman, Gary Basaraba, Marin Ireland, Sebastian Maniscalco, Steven Van Zandt",United States,"November 27, 2019",2019,+18,209 min,Dramas,Hit man Frank Sheeran looks back at the secrets he kept as a loyal member of the Bufalino crime family in this acclaimed film from Martin Scorsese.
59,s3636,Movie,Whitney Cummings: Can I Touch It?,Marcus Raboy,Whitney Cummings,,"July 30, 2019",2019,+18,59 min,Stand-Up Comedy,"In her fourth stand-up special, Whitney Cummings returns to her hometown of Washington, D.C., and riffs on modern feminism, technology and more."
60,s3646,Movie,D.L. Hughley: Contrarian,Jay Chapman,D.L. Hughley,United States,"July 21, 2019",2018,+18,58 min,Stand-Up Comedy,"D.L. Hughley riffs on hot-button political issues, celebrity scandals, his mother's tough love and more in a rapid-fire stand-up show in Philadelphia."
61,s3647,Movie,Demetri Martin: The Overthinker,Jay Karas,Demetri Martin,United States,"July 21, 2019",2018,+18,56 min,Stand-Up Comedy,"With his signature one-liners and drawings, Demetri Martin muses on doughnut holes, dogs, sports bars, the alphabet's most aggressive letters and more."
62,s3734,Movie,Adam Devine: Best Time of Our Lives,Jay Karas,Adam Devine,United States,"June 18, 2019",2019,+18,59 min,Stand-Up Comedy,"Frenetic comic Adam Devine talks teen awkwardness, celebrity encounters, his ""Pitch Perfect"" audition and more in a special from his hometown of Omaha."
63,s3760,Movie,Rolling Thunder Revue: A Bob Dylan Story by Martin Scorsese,Martin Scorsese,"Bob Dylan, Allen Ginsberg, Joan Baez, Patti Smith, Roger McGuinn, Sam Shepard, Sharon Stone, Joni Mitchell, Scarlet Rivera, Ramblin' Jack Elliott, Ronnie Hawkins, Anne Waldman, Ronee Blakley",United States,"June 12, 2019",2019,+18,142 min,"Documentaries, Music & Musicals","In an alchemic mix of fact and fantasy, Martin Scorsese looks back at Bob Dylan's 1975 Rolling Thunder Revue tour and a country ripe for reinvention."
64,s3777,Movie,Miranda Sings Live…Your Welcome,Marcus Raboy,Colleen Ballinger,United States,"June 4, 2019",2019,+14,62 min,Stand-Up Comedy,"Viral video star Miranda Sings and her real-world alter ego Colleen Ballinger share the stage in a special packed with music, comedy and ""magichinry."""
65,s3878,Movie,Anthony Jeselnik: Fire in the Maternity Ward,Marcus Raboy,Anthony Jeselnik,United States,"April 30, 2019",2019,+18,64 min,Stand-Up Comedy,"Forging his own comedic boundaries, Anthony Jeselnik revels in getting away with saying things others can't in this stand-up special shot in New York."
66,s4022,Movie,Seven Sundays,Cathy Garcia-Molina,"Ronaldo Valdez, Aga Muhlach, Dingdong Dantes, Enrique Gil, Cristine Reyes, Donita Rose, Ketchup Eusebio, Kean Cipriano",Philippines,"March 14, 2019",2017,+18,128 min,"Comedies, Dramas, International Movies","A dying father asks his busy and grown children to spend their Sundays with him, forcing his family to confront their issues before it's too late."
67,s4069,Movie,A Second Chance,Cathy Garcia-Molina,"John Lloyd Cruz, Bea Alonzo, Dimples Romana, Janus del Prado, James Blanco, Ahron Villena, Beatriz Saw, Shamaine Centenera, Khalil Ramos, Billy Crawford, Al Tantay, Arci Muñoz",Philippines,"February 27, 2019",2015,+18,130 min,"Dramas, International Movies, Romantic Movies","Following their storybook wedding, Popoy and Basha find married life – and starting a business together – more challenging than they ever imagined."
68,s4074,Movie,Four Sisters and a Wedding,Cathy Garcia-Molina,"Bea Alonzo, Toni Gonzaga, Angel Locsin, Shaina Magdayao, Enchong Dee, Sam Milby, Angeline Quinto, Coney Reyes",Philippines,"February 27, 2019",2013,+14,125 min,"Comedies, Dramas, International Movies","Four sisters unite to stop their young brother's pending nuptials upon meeting his fiancée’s demanding family, revealing long-simmering family issues."
69,s4075,Movie,It Takes a Man and a Woman,Cathy Garcia-Molina,"John Lloyd Cruz, Sarah Geronimo, Rowell Santiago, Al Tantay, Irma Adlawan, Joross Gamboa, Gio Alvarez, Matet De Leon, Miles Ocampo, Andre Garcia, Dante Rivero, Isabelle Daza",Philippines,"February 27, 2019",2013,SP,127 min,"Comedies, International Movies, Romantic Movies","Laida and Miggy used to be in love, but now they're forced to work together in a professional capacity – and neither is completely over their past."
70,s4076,Movie,My Ex & Whys,Cathy Garcia-Molina,"Liza Soberano, Enrique Gil, Joey Marquez, Cai Cortez, Arlene Muchlach, Ara Mina, Ryan Bang, Joross Gamboa, Jeffrey Tam, Neils Coleta",Philippines,"February 27, 2019",2017,+14,121 min,"Comedies, Dramas, International Movies","Popular blogger Cali is hired for a marketing campaign alongside another viral sensation: her ex-boyfriend Gio, who's intent on winning her back."
71,s4077,Movie,She's Dating the Gangster,Cathy Garcia-Molina,"Kathryn Bernardo, Daniel Padilla, Richard Gomez, Dawn Zulueta, Sofia Andres, Khalil Ramos, Ian Veneracion, Pamu Pamorada, Igi Boy Flores, Marco Gumabao",Philippines,"February 27, 2019",2014,+14,113 min,"Dramas, International Movies, Romantic Movies","To make another woman jealous, a campus heartthrob asks a fellow student to be his pretend girlfriend, but fate has other plans for the fake couple."
72,s4223,Movie,Moshe Kasher: Live in Oakland,Jay Chapman,Moshe Kasher,United States,"January 1, 2019",2012,+18,61 min,Stand-Up Comedy,Comic Moshe Kasher returns to his home turf of Oakland for this stand-up special that has him sharing uproarious stories about the people he's met.
73,s4249,Movie,Todd Glass: Stand-Up Special,Jay Chapman,Todd Glass,United States,"December 31, 2018",2012,+18,46 min,Stand-Up Comedy,"Standup comedian Todd Glass gets right down to it, with sly observations on accepting directions, denying compliments and being afraid of the dark."
74,s4315,Movie,Vir Das: Losing It,Marcus Raboy,Vir Das,United States,"December 11, 2018",2018,+18,68 min,Stand-Up Comedy,"The world's got a lot of problems, but Vir Das has a lot of answers as he discusses travel, religion, his childhood and more in this stand-up special."
75,s4750,Movie,Coco y Raulito: Carrusel de ternura,Raúl Campos,"Coco Celis, Raúl Meneses",Mexico,"July 27, 2018",2018,+18,57 min,Stand-Up Comedy,"A study in contrasts, comedy partners and good friends Coco Celis and Raúl Meneses alternate separate stand-up sets for double the laughs."
76,s4750,Movie,Coco y Raulito: Carrusel de ternura, Jan Suter,"Coco Celis, Raúl Meneses",Mexico,"July 27, 2018",2018,+18,57 min,Stand-Up Comedy,"A study in contrasts, comedy partners and good friends Coco Celis and Raúl Meneses alternate separate stand-up sets for double the laughs."
77,s4782,Movie,Luciano Mellera: Infantiloide,Raúl Campos,Luciano Mellera,Argentina,"July 6, 2018",2018,+14,66 min,Stand-Up Comedy,Argentina's Luciano Mellera emphasizes the humorous and fantastical aspects of childhood through comedic impersonations and insights on daily life.
78,s4782,Movie,Luciano Mellera: Infantiloide, Jan Suter,Luciano Mellera,Argentina,"July 6, 2018",2018,+14,66 min,Stand-Up Comedy,Argentina's Luciano Mellera emphasizes the humorous and fantastical aspects of childhood through comedic impersonations and insights on daily life.
79,s4789,Movie,Katt Williams: Kattpacalypse,Marcus Raboy,Katt Williams,United States,"July 3, 2018",2012,+18,61 min,Stand-Up Comedy,"Urban comic Katt Williams ushers in Kattpacalypse, exploding with more energy than an atomic bomb and riffing on everything from Doomsday to Obama."
80,s4804,Movie,Bill Burr: You People Are All the Same,Jay Karas,Bill Burr,United States,"June 30, 2018",2012,+18,69 min,Stand-Up Comedy,"Funnyman Bill Burr takes the stage to uncork a profanity-laced, incisive routine that pokes fun at plastic surgery, reality TV, gold diggers and more."
81,s4809,Movie,Jani Dueñas: Grandes fracasos de ayer y hoy,Raúl Campos,Jani Dueñas,Chile,"June 29, 2018",2018,+18,77 min,Stand-Up Comedy,"Chilean comedian and personality Jani Dueñas pours out her feelings on issues that are all too universal, from aging to dieting to sex."
82,s4809,Movie,Jani Dueñas: Grandes fracasos de ayer y hoy, Jan Suter,Jani Dueñas,Chile,"June 29, 2018",2018,+18,77 min,Stand-Up Comedy,"Chilean comedian and personality Jani Dueñas pours out her feelings on issues that are all too universal, from aging to dieting to sex."
83,s4850,Movie,Fernando Sanjiao: Hombre,Raúl Campos,Fernando Sanjiao,Argentina,"May 25, 2018",2018,+18,63 min,Stand-Up Comedy,Argentine actor and comedian Fernando Sanjiao uses humor and impersonations to explore the concepts of masculinity and fatherhood in modern times.
84,s4850,Movie,Fernando Sanjiao: Hombre, Jan Suter,Fernando Sanjiao,Argentina,"May 25, 2018",2018,+18,63 min,Stand-Up Comedy,Argentine actor and comedian Fernando Sanjiao uses humor and impersonations to explore the concepts of masculinity and fatherhood in modern times.
85,s4852,Movie,Steve Martin and Martin Short: An Evening You Will Forget for the Rest of Your Life,Marcus Raboy,"Steve Martin, Martin Short",United States,"May 25, 2018",2018,+14,74 min,Stand-Up Comedy,"Longtime pals and showbiz icons Steve Martin and Martin Short share countless quips, catchy tunes and hilarious stories about their lives in comedy."
86,s4864,Movie,Ali Wong: Hard Knock Wife,Jay Karas,Ali Wong,United States,"May 13, 2018",2018,+18,64 min,Stand-Up Comedy,"Two years after the hit ""Baby Cobra,"" Ali Wong is back with another baby bump – and a torrent of hilarious truths about marriage and motherhood."
87,s4867,Movie,Carlos Ballarta: Furia Ñera,Raúl Campos,Carlos Ballarta,Mexico,"May 11, 2018",2018,+18,63 min,Stand-Up Comedy,Mexican comic Carlos Ballarta mocks himself and points out the absurdities of parenthood and how he uses his wife's pregnancies to avoid commitments.
88,s4867,Movie,Carlos Ballarta: Furia Ñera, Jan Suter,Carlos Ballarta,Mexico,"May 11, 2018",2018,+18,63 min,Stand-Up Comedy,Mexican comic Carlos Ballarta mocks himself and points out the absurdities of parenthood and how he uses his wife's pregnancies to avoid commitments.
89,s4941,Movie,Todo lo que sería Lucas Lauriente,Raúl Campos,Lucas Lauriente,Argentina,"April 6, 2018",2018,+18,78 min,Stand-Up Comedy,"In his stand-up set, Argentine comic Lucas Lauriente animatedly rattles off reflections on different generations and begs kids to stop saying ""goals."""
90,s4941,Movie,Todo lo que sería Lucas Lauriente, Jan Suter,Lucas Lauriente,Argentina,"April 6, 2018",2018,+18,78 min,Stand-Up Comedy,"In his stand-up set, Argentine comic Lucas Lauriente animatedly rattles off reflections on different generations and begs kids to stop saying ""goals."""
91,s4963,Movie,Sofía Niño de Rivera: Selección Natural,Raúl Campos,Sofía Niño de Rivera,Mexico,"March 30, 2018",2018,+18,62 min,Stand-Up Comedy,"Mexico's Sofía Niño de Rivera brings her dark humor to the stage with jokes about marriage traps, sexually attractive leopards and funny funerals."
92,s4963,Movie,Sofía Niño de Rivera: Selección Natural, Jan Suter,Sofía Niño de Rivera,Mexico,"March 30, 2018",2018,+18,62 min,Stand-Up Comedy,"Mexico's Sofía Niño de Rivera brings her dark humor to the stage with jokes about marriage traps, sexually attractive leopards and funny funerals."
93,s5002,Movie,Malena Pichot: Estupidez compleja,Raúl Campos,Malena Pichot,Argentina,"March 2, 2018",2018,+18,51 min,Stand-Up Comedy,"An Argentine comedian espouses the values of feminism, speaking on topics like sex, language, abortion and why it's OK to let a man buy you dinner."
94,s5002,Movie,Malena Pichot: Estupidez compleja, Jan Suter,Malena Pichot,Argentina,"March 2, 2018",2018,+18,51 min,Stand-Up Comedy,"An Argentine comedian espouses the values of feminism, speaking on topics like sex, language, abortion and why it's OK to let a man buy you dinner."
95,s5003,Movie,Natalia Valdebenito: El especial,Raúl Campos,Natalia Valdebenito,Chile,"March 2, 2018",2018,+18,69 min,Stand-Up Comedy,"A Chilean comedian fuses activism with irreverence for a stand-up set filled with jokes about misogyny, reproductive rights and respecting women."
96,s5003,Movie,Natalia Valdebenito: El especial, Jan Suter,Natalia Valdebenito,Chile,"March 2, 2018",2018,+18,69 min,Stand-Up Comedy,"A Chilean comedian fuses activism with irreverence for a stand-up set filled with jokes about misogyny, reproductive rights and respecting women."
97,s5025,Movie,Marlon Wayans: Woke-ish,Marcus Raboy,Marlon Wayans,United States,"February 27, 2018",2018,+18,67 min,Stand-Up Comedy,"Rollicking, outrageous and audacious, Marlon Wayans gets raw on racism, age-appropriate rap rhymes, gay rights, raising kids and even the Kardashians."
98,s5063,Movie,Sebastián Marcelo Wainraich,Raúl Campos,Sebastián Marcelo Wainraich,Argentina,"January 26, 2018",2018,+18,49 min,Stand-Up Comedy,"Argentine comedian Sebastián Wainraich highlights the comedy in everyday life, from minibars to reasons why funerals are better than weddings."
99,s5063,Movie,Sebastián Marcelo Wainraich, Jan Suter,Sebastián Marcelo Wainraich,Argentina,"January 26, 2018",2018,+18,49 min,Stand-Up Comedy,"Argentine comedian Sebastián Wainraich highlights the comedy in everyday life, from minibars to reasons why funerals are better than weddings."
100,s5067,Movie,Ricardo Quevedo: Hay gente así,Raúl Campos,Ricardo Quevedo,Colombia,"January 24, 2018",2018,+18,59 min,Stand-Up Comedy,"Droll comic Ricardo Quevedo hits Bogotá with a set that touches on embarrassing misunderstandings, sex talk, the thrill of being scared and more."
101,s5067,Movie,Ricardo Quevedo: Hay gente así, Jan Suter,Ricardo Quevedo,Colombia,"January 24, 2018",2018,+18,59 min,Stand-Up Comedy,"Droll comic Ricardo Quevedo hits Bogotá with a set that touches on embarrassing misunderstandings, sex talk, the thrill of being scared and more."
102,s5077,Movie,Arango y Sanint: Ríase el show,Raúl Campos,"Julián Arango, Antonio Sanint",Colombia,"January 17, 2018",2018,+18,62 min,Stand-Up Comedy,"Colombian stand-up comedians Antonio Sanint and Julián Arango impersonate an Argentine visitor and a cabbie, and a pair of dirty old men at the opera."
103,s5077,Movie,Arango y Sanint: Ríase el show, Jan Suter,"Julián Arango, Antonio Sanint",Colombia,"January 17, 2018",2018,+18,62 min,Stand-Up Comedy,"Colombian stand-up comedians Antonio Sanint and Julián Arango impersonate an Argentine visitor and a cabbie, and a pair of dirty old men at the opera."
104,s5087,Movie,Tom Segura: Disgraceful,Jay Karas,Tom Segura,United States,"January 12, 2018",2018,+18,71 min,Stand-Up Comedy,"Tom Segura gives voice to the sordid thoughts you'd never say out loud, with blunt musings on porn, parking lot power struggles, parenthood and more."
105,s5109,Movie,Todd Barry: Spicy Honey,Jay Chapman,Todd Barry,United States,"December 26, 2017",2017,+18,61 min,Stand-Up Comedy,"With bone-dry wit, stand-up comic Todd Barry dissects texting emergencies, Hitler's taste in wine, pricey soap, cheap pizza and much more."
106,s5128,Movie,Judd Apatow: The Return,Marcus Raboy,Judd Apatow,United States,"December 12, 2017",2017,+18,70 min,Stand-Up Comedy,"Judd Apatow returns to stand-up comedy after 25 years, riffing on living with three women, amusing moments from his career and much more."
107,s5135,Movie,Craig Ferguson: Tickle Fight,Jay Chapman,Craig Ferguson,United States,"December 5, 2017",2017,+18,67 min,Stand-Up Comedy,"Cheeky comic Craig Ferguson keeps it casual as he discusses '70s porn, Japanese toilets and his mildly crime-filled days as a talk show host."
108,s5172,Movie,DeRay Davis: How to Act Black,Marcus Raboy,DeRay Davis,United States,"November 14, 2017",2017,+18,66 min,Stand-Up Comedy,"Dynamic comic DeRay Davis hits the stage like a ball of fire, nailing the finer points of living, dating and handling show business as a black man."
109,s5177,Movie,Mea Culpa,Raúl Campos,Alexis de Anda,Mexico,"November 10, 2017",2017,+18,54 min,Stand-Up Comedy,"Raw and outspoken, comedian Alexis de Anda bares her soul about weddings, exercise, sex, gynecologists, drugs and much more in this stand-up special."
110,s5177,Movie,Mea Culpa, Jan Suter,Alexis de Anda,Mexico,"November 10, 2017",2017,+18,54 min,Stand-Up Comedy,"Raw and outspoken, comedian Alexis de Anda bares her soul about weddings, exercise, sex, gynecologists, drugs and much more in this stand-up special."
111,s5231,Movie,Christina P: Mother Inferior,Jay Karas,Christina Pazsitzky,United States,"October 10, 2017",2017,+18,59 min,Stand-Up Comedy,"Christina Pazsitzky hits Seattle with a biting dose of reality, telling truths about her childhood, getting older and the horrors of giving birth."
112,s5316,Movie,Ryan Hamilton: Happy Face,Marcus Raboy,Ryan Hamilton,United States,"August 29, 2017",2017,+14,57 min,Stand-Up Comedy,"Small-town import Ryan Hamilton charms New York with folksy comic observations on big-city life, hot-air ballooning and going to Disney World alone."
113,s5320,Movie,Lynne Koplitz: Hormonal Beast,Marcus Raboy,Lynne Koplitz,United States,"August 22, 2017",2017,+18,51 min,Stand-Up Comedy,"Unabashed comedian Lynne Koplitz offers a woman's take on being crazy, the benefits of childlessness and the three things all men really want."
114,s5326,Movie,Brad Paisley's Comedy Rodeo,Jay Chapman,"Brad Paisley, Nate Bargatze, John Heffron, Jon Reep, Sarah Tiana, Mike E. Winfield",United States,"August 15, 2017",2017,+18,63 min,"Music & Musicals, Stand-Up Comedy","Country music star Brad Paisley hosts a night of music and laughs with comics Nate Bargatze, John Heffron, Jon Reep, Sarah Tiana and Mike E. Winfield."
115,s5327,Movie,Colin Quinn: Unconstitutional,Jay Chapman,Colin Quinn,United States,"August 15, 2017",2015,+18,56 min,Stand-Up Comedy,New York comedian Colin Quinn writes and stars in this live one-man stage show that dissects and deconstructs U.S. constitutional history.
116,s5343,Movie,Alan Saldaña: Mi vida de pobre,Raúl Campos,Alan Saldaña,Mexico,"August 4, 2017",2017,+18,54 min,Stand-Up Comedy,Mexican comic Alan Saldaña has fun with everything from the pressure of sitting in an exit row to maxing out his credit card in this stand-up special.
117,s5343,Movie,Alan Saldaña: Mi vida de pobre, Jan Suter,Alan Saldaña,Mexico,"August 4, 2017",2017,+18,54 min,Stand-Up Comedy,Mexican comic Alan Saldaña has fun with everything from the pressure of sitting in an exit row to maxing out his credit card in this stand-up special.
118,s5379,Movie,D.L. Hughley: Clear,Jay Chapman,D.L. Hughley,United States,"July 13, 2017",2014,+18,59 min,Stand-Up Comedy,"In this 2014 standup special filmed in San Francisco, comedic genius D.L. Hughley entertains with his hilarious take on current affairs and more."
119,s5380,Movie,Tom Segura: Completely Normal,Jay Chapman,Tom Segura,United States,"July 13, 2017",2014,+18,74 min,Stand-Up Comedy,Levelheaded stand-up Tom Segura shares offhand appraisals on hotels and opens up about his hobbies and digestive ailments in this comedy special.
120,s5519,Movie,Vir Das: Abroad Understanding,Marcus Raboy,Vir Das,United States,"April 25, 2017",2017,+18,66 min,Stand-Up Comedy,"Comedian Vir Das tackles nationalism, globalism, good food and bad politics in two cleverly crosscut performances in New York and New Delhi."
121,s5526,Movie,Lucas Brothers: On Drugs,Jay Chapman,"Keith Lucas, Kenny Lucas",United States,"April 18, 2017",2017,+18,50 min,Stand-Up Comedy,"Deadpan twin comics Keith and Kenny Lucas take the stage in Brooklyn with a set that touches on drugs, race, Deion Sanders, teachers and O.J. Simpson."
122,s5615,Movie,Daniel Sosa: Sosafado,Raúl Campos,Daniel Sosa,Mexico,"February 3, 2017",2017,+18,78 min,Stand-Up Comedy,"Comedian Daniel Sosa inhabits various characters, including a Tupperware dealer, a thirsty priest and a Trojan horse soldier in this stand-up special."
123,s5615,Movie,Daniel Sosa: Sosafado, Jan Suter,Daniel Sosa,Mexico,"February 3, 2017",2017,+18,78 min,Stand-Up Comedy,"Comedian Daniel Sosa inhabits various characters, including a Tupperware dealer, a thirsty priest and a Trojan horse soldier in this stand-up special."
124,s5623,Movie,Bill Burr: Walk Your Way Out,Jay Karas,Bill Burr,United States,"January 31, 2017",2017,+18,78 min,Stand-Up Comedy,"No-nonsense comic Bill Burr takes the stage in Nashville and riffs on fast food, overpopulation, dictators and gorilla sign language."
125,s5628,Movie,Cristela Alonzo: Lower Classy,Marcus Raboy,Cristela Alonzo,United States,"January 24, 2017",2017,+18,67 min,Stand-Up Comedy,"The irrepressible Alonzo skewers Latino stereotypes, pricey luxuries and her mother's tough-love parenting in a night of sly and infectious comedy."
126,s5679,Movie,Ricardo O'Farrill: Abrazo navideño,Raúl Campos,"Ricardo O'Farrill, Carlos Ballarta, Sofía Niño de Rivera, Chumel Torres, Marissa ""Chabe"" Lozano",Mexico,"December 12, 2016",2016,+18,31 min,Stand-Up Comedy,"The expressive Ricardo O'Farrill uses his astute comedic sensibilities to tease Christmas traditions, and not even Santa Claus escapes unscathed."
127,s5679,Movie,Ricardo O'Farrill: Abrazo navideño, Jan Suter,"Ricardo O'Farrill, Carlos Ballarta, Sofía Niño de Rivera, Chumel Torres, Marissa ""Chabe"" Lozano",Mexico,"December 12, 2016",2016,+18,31 min,Stand-Up Comedy,"The expressive Ricardo O'Farrill uses his astute comedic sensibilities to tease Christmas traditions, and not even Santa Claus escapes unscathed."
128,s5725,Movie,"Dana Carvey: Straight White Male, 60",Marcus Raboy,Dana Carvey,United States,"November 4, 2016",2016,+18,64 min,Stand-Up Comedy,Emmy-winning comedian Dana Carvey blends pitch-perfect takes on big personalities with so-true-it-hurts stories from his life as a dad of millennials.
129,s5809,Movie,Jeff Foxworthy and Larry the Cable Guy: We’ve Been Thinking...,Jay Karas,"Jeff Foxworthy, Larry the Cable Guy",United States,"August 26, 2016",2016,+14,75 min,Stand-Up Comedy,Grammy-nominated comedians Jeff Foxworthy and Larry the Cable Guy bring their distinctive brand of humor to a packed crowd in Minneapolis.
130,s5818,Movie,Jim Gaffigan: Mr. Universe,Jay Karas,Jim Gaffigan,United States,"August 11, 2016",2012,+14,77 min,Stand-Up Comedy,"Funnyman Jim Gaffigan offers up his unique take on everything from Disney World to overweight whales in this live show from Washington, D.C."
131,s5819,Movie,Jim Gaffigan: Obsessed,Jay Chapman,Jim Gaffigan,United States,"August 11, 2016",2014,+14,70 min,Stand-Up Comedy,"Comic Jim Gaffigan delivers his sardonic take on topics like eating, exercise, weddings and his five kids in this live stand-up special."
132,s5840,Movie,Sofía Niño de Rivera: Exposed,Raúl Campos,Sofía Niño de Rivera,Mexico,"June 24, 2016",2016,+18,80 min,Stand-Up Comedy,Self-deprecating comic Sofía Niño de Rivera puts her sarcasm on full display in this stand-up special filmed live at Guadalajara's Degollado Theater.
133,s5840,Movie,Sofía Niño de Rivera: Exposed, Jan Suter,Sofía Niño de Rivera,Mexico,"June 24, 2016",2016,+18,80 min,Stand-Up Comedy,Self-deprecating comic Sofía Niño de Rivera puts her sarcasm on full display in this stand-up special filmed live at Guadalajara's Degollado Theater.
134,s5848,Movie,Ali Wong: Baby Cobra,Jay Karas,Ali Wong,United States,"May 6, 2016",2016,+18,60 min,Stand-Up Comedy,"Ali Wong's stand up special delves into her sexual adventures, hoarding, the rocky road to pregnancy, and why feminism is terrible."
135,s5873,Movie,Ricardo O'Farrill Abrazo Genial,Raúl Campos,Ricardo O'Farrill,Mexico,"January 22, 2016",2016,+18,92 min,Stand-Up Comedy,"Ricardo O'Farrill brings his sharp, observational humor to the stage with a relentless sarcasm and specific Mexican sensibility. Prepare for mockery."
136,s5873,Movie,Ricardo O'Farrill Abrazo Genial, Jan Suter,Ricardo O'Farrill,Mexico,"January 22, 2016",2016,+18,92 min,Stand-Up Comedy,"Ricardo O'Farrill brings his sharp, observational humor to the stage with a relentless sarcasm and specific Mexican sensibility. Prepare for mockery."
137,s5876,Movie,Tom Segura: Mostly Stories,Jay Karas,Tom Segura,United States,"January 8, 2016",2016,+18,74 min,Stand-Up Comedy,"The bearded, bawdy and comically bitter Tom Segura gets real about body piercings, the ""Area 51"" of men's bodies, and the lie he told Mike Tyson."
138,s5895,Movie,Anjelah Johnson: Not Fancy,Jay Karas,Anjelah Johnson-Reyes,United States,"October 2, 2015",2015,+14,64 min,Stand-Up Comedy,"The actress, comedian and YouTube sensation riffs on everything from nail salons and Gypsies to Mexican moms and super-sleuthing Liam Neeson."
139,s5900,Movie,Demetri Martin: Live (At the Time),Jay Karas,Demetri Martin,United States,"August 14, 2015",2015,+18,62 min,Stand-Up Comedy,"Demetri Martin brings his off-kilter take on acoustic guitar, hairless cats, color schemes, and the word ""nope"" to Washington in his original special."
140,s5922,Movie,Bill Burr: I'm Sorry You Feel That Way,Jay Karas,Bill Burr,United States,"December 5, 2014",2014,+18,81 min,Stand-Up Comedy,"Bill Burr escapes the zombie apocalypse, explores how rom-coms ruin great sex and explains how too many childhood hugs may be the downfall of man."
141,s6112,Movie,Alice Doesn't Live Here Anymore,Martin Scorsese,"Ellen Burstyn, Kris Kristofferson, Billy Green Bush, Diane Ladd, Harvey Keitel, Lelia Goldoni, Lane Bradbury, Vic Tayback, Jodie Foster, Alfred Lutter",United States,"July 1, 2019",1974,SP,112 min,"Classic Movies, Comedies, Dramas","A widowed singer and single mother starts over as a diner waitress in Arizona, befriending her coworkers and romancing a ruggedly handsome rancher."
142,s6298,Movie,Bheemayan,Rajiv Chilaka,,,"May 10, 2019",2018,-6,63 min,Children & Family Movies,"It's Diwali! To celebrate, Chhota Bheem and his friends put on a stage show of the Ramayana, re-enacting the epic story behind the festival of lights."
143,s6465,Movie,Chhota Bheem Kungfu Dhamaka,Rajiv Chilaka,"Sonal Kaushal, Rupa Bhimani, Jigna Bharadhwaj, Sabina Malik, Julie Tejwani, Rajesh Kava, Vaibhav Thakkar, Samriddhi Shuklaa, Aditya Raj Sharma, Vinod Kulkarni",India,"August 15, 2019",2019,+7,112 min,Children & Family Movies,Chhota Bheem is in China for a martial arts competition but his real challenge: to save the emperor’s daughter from being kidnapped by the villain Zuhu!
144,s6646,Movie,Dragonkala Ka Rahasya,Rajiv Chilaka,,,"June 18, 2019",2018,-6,68 min,Children & Family Movies,"Bheem helps to reopen Dragonpur's abandoned magic and martial arts school, but is tested like never before when an ex-student returns seeking revenge!"
145,s6827,Movie,Gangs of New York,Martin Scorsese,"Leonardo DiCaprio, Daniel Day-Lewis, Cameron Diaz, Jim Broadbent, John C. Reilly, Henry Thomas, Liam Neeson, Brendan Gleeson, Gary Lewis, Stephen Graham","United States, Italy","August 20, 2019",2002,+18,167 min,Dramas,"In the crime-ridden slums of New York in the 1860s, vengeful orphan Amsterdam Vallon joins the cutthroat gang of his father's killer, Bill the Butcher."
146,s6881,Movie,GoodFellas,Martin Scorsese,"Robert De Niro, Ray Liotta, Joe Pesci, Lorraine Bracco, Paul Sorvino, Frank Sivero, Tony Darrow, Mike Starr, Frank Vincent, Chuck Low",United States,"January 1, 2021",1990,+18,145 min,"Classic Movies, Dramas",Former mobster Henry Hill recounts his colorful yet violent rise and fall in a New York crime family – a high-rolling dream turned paranoid nightmare.
147,s7057,Movie,Iliza Shlesinger: War Paint,Jay Chapman,Iliza Shlesinger,United States,"September 1, 2013",2013,UR,75 min,Stand-Up Comedy,"""Last Comic Standing"" winner Iliza Shlesinger unleashes her acerbic, stream-of-conscious comedy on an unsuspecting audience in her hometown of Dallas."
148,s7432,Movie,Mean Streets,Martin Scorsese,"Robert De Niro, Harvey Keitel, David Proval, Amy Robinson, Richard Romanus, Cesare Danova, Victor Argo, George Memmoli",United States,"July 1, 2019",1973,+18,112 min,"Classic Movies, Dramas, Independent Movies","In New York's Little Italy, a low-level hoodlum wrestles with loyalty to his mobster uncle, his faith and his friendship with an inveterate gambler."
149,s7514,Movie,Motu Patlu: King of Kings,Suhas Kadav,"Saurav Chakrabarty, Vinay Pathak",India,"July 6, 2017",2016,+7,109 min,"Children & Family Movies, Comedies","Motu and Patlu want to help a circus lion get back to the jungle. On the way, the three become caught up in an exciting adventure in the forest."
150,s7821,Movie,Raging Bull,Martin Scorsese,"Robert De Niro, Cathy Moriarty, Joe Pesci, Frank Vincent, Nicholas Colasanto, Theresa Saldana, Mario Gallo, Frank Adonis, Joseph Bono",United States,"October 1, 2019",1980,+18,129 min,"Classic Movies, Dramas, Sports Movies","This gritty biopic of brutal boxer Jake LaMotta portrays a tormented soul rising to the top of his sport, only to be undone by his demons."
151,s8273,Movie,The Departed,Martin Scorsese,"Leonardo DiCaprio, Matt Damon, Jack Nicholson, Mark Wahlberg, Martin Sheen, Ray Winstone, Vera Farmiga, Anthony Anderson, Alec Baldwin, Kevin Corrigan","United States, Hong Kong","January 1, 2021",2006,+18,151 min,"Dramas, Thrillers",Two rookie Boston cops are sent deep undercover – one inside the gang of a charismatic Irish mob boss and the other double-crossing his own department.
152,s8736,Movie,Who's That Knocking at My Door?,Martin Scorsese,"Zina Bethune, Harvey Keitel, Anne Collette, Lennard Kuras, Michael Scala, Harry Northup, Susan Wood, Marissa Mathes, Catherine Scorsese",United States,"July 1, 2019",1967,+18,90 min,"Classic Movies, Dramas, Independent Movies","A woman's revelation that she was once raped sends her boyfriend, a reformed street thug, into an emotional and spiritual tailspin."
153,s8790,Movie,You Changed My Life,Cathy Garcia-Molina,"John Lloyd Cruz, Sarah Geronimo, Rayver Cruz, Dante Rivero, Rowell Santiago, Al Tantay, Irma Adlawan, Bernard Palanca, Matet De Leon, Joross Gamboa",Philippines,"February 27, 2019",2009,SP,116 min,"Comedies, Dramas, International Movies","Laida and Miggy think they've found perfect happiness with each other, until their burgeoning careers force them into a long-distance relationship."
