,main,contr
7,United States,Ghana
7,United States,Burkina Faso
7,United States,United Kingdom
7,United States,Germany
7,United States,Ethiopia
29,United States,India
29,United States,France
94,United Kingdom,United States
95,United States,United Kingdom
99,France,United States
111,United States,Singapore
115,United Kingdom,Australia
115,United Kingdom,France
117,United Kingdom,United States
122,United Kingdom,Australia
122,United Kingdom,France
122,United Kingdom,United States
127,United States,Canada
134,United States,Mexico
135,United States,Italy
135,United States,France
135,United States,Japan
136,United States,Italy
136,United States,Romania
136,United States,United Kingdom
141,United States,United Kingdom
141,United States,Canada
155,United Kingdom,United States
162,United States,China
162,United States,Hong Kong
167,United States,Canada
172,United States,Germany
177,United Kingdom,United States
191,United Kingdom,Canada
191,United Kingdom,United States
228,United States,United Kingdom
279,United States,Japan
284,United Kingdom,United States
300,Canada,United States
315,United States,Nigeria
327,United States,United Kingdom
329,United States,Canada
330,United States,Canada
332,United States,Mexico
337,United States,Canada
340,United States,United Kingdom
345,United States,Canada
348,United Kingdom,United States
351,United States,Germany
352,United States,China
356,United States,France
386,United States,Canada
389,France,Israel
389,France,Germany
389,France,United States
389,France,United Kingdom
391,Canada,United States
442,United States,Canada
460,United States,Canada
469,United States,Canada
474,United States,Switzerland
493,United States,Japan
496,France,Canada
496,France,United States
496,France,Spain
508,France,Netherlands
508,France,Singapore
512,France,Belgium
525,United States,Canada
540,United Kingdom,Germany
559,United States,Germany
566,United States,Germany
572,United Kingdom,Belgium
573,United States,China
574,United States,China
576,United Kingdom,Australia
576,United Kingdom,United States
578,France,Japan
578,France,United States
583,United States,United Kingdom
585,United Kingdom,United States
594,United States,Germany
598,United States,United Kingdom
604,United Kingdom,Germany
604,United Kingdom,Spain
604,United Kingdom,United States
606,United Kingdom,United States
606,United Kingdom,France
606,United Kingdom,Italy
608,United States,Germany
608,United States,Canada
609,United States,France
609,United States,Italy
609,United States,United Kingdom
610,United States,United Kingdom
610,United States,Germany
610,United States,Hungary
611,United States,Canada
612,United States,New Zealand
614,United States,New Zealand
636,United States,Canada
677,Canada,United States
696,Canada,United States
724,United States,United Kingdom
734,France,United States
736,United States,India
743,Canada,United States
743,Canada,Denmark
752,United States,United Kingdom
754,United Kingdom,United States
782,Canada,United States
784,United States,Canada
804,Canada,United States
808,United States,Bulgaria
813,United States,Canada
816,United Kingdom,France
816,United Kingdom,Germany
816,United Kingdom,United States
868,Canada,United States
880,United States,Czech Republic
885,Canada,South Africa
895,France,United States
914,United Kingdom,United States
932,United Kingdom,France
932,United Kingdom,Spain
932,United Kingdom,United States
933,United Kingdom,United States
934,United Kingdom,Canada
934,United Kingdom,United States
942,United States,Australia
946,United States,France
947,United States,United Kingdom
947,United States,France
949,United States,Russia
950,United States,United Kingdom
950,United States,New Zealand
955,France,United States
962,United States,United Kingdom
1001,Canada,Nigeria
1001,Canada,United States
1013,France,United States
1013,France,United Kingdom
1013,France,Canada
1014,France,United Kingdom
1027,Canada,United States
1027,Canada,Mexico
1033,United Kingdom,Germany
1033,United Kingdom,United States
1048,United States,France
1060,United States,India
1075,United States,Brazil
1075,United States,Japan
1075,United States,Spain
1075,United States,India
1097,United States,China
1097,United States,United Kingdom
1101,United States,Canada
1104,United States,Canada
1105,United Kingdom,United States
1111,United States,United Kingdom
1111,United States,France
1118,United States,Canada
1119,United States,Canada
1134,United States,Japan
1138,United Kingdom,France
1138,United Kingdom,Poland
1138,United Kingdom,Germany
1138,United Kingdom,United States
1144,United States,United Kingdom
1146,United States,Mexico
1153,United Kingdom,South Africa
1153,United Kingdom,France
1175,United Kingdom,United States
1175,United Kingdom,France
1179,United States,Japan
1190,United Kingdom,United States
1192,United Kingdom,
1197,United Kingdom,United States
1203,United States,India
1203,United States,United Kingdom
1205,United States,United Kingdom
1238,United States,Australia
1251,United States,United Kingdom
1256,United States,Germany
1263,United States,Thailand
1268,United States,Colombia
1270,United States,Colombia
1284,Canada,United States
1284,Canada,United Kingdom
1290,United Kingdom,United States
1333,United States,Cambodia
1333,United States,Romania
1359,United Kingdom,United States
1359,United Kingdom,Australia
1362,Canada,United States
1362,Canada,France
1380,United States,United Kingdom
1387,United States,France
1390,United Kingdom,Ireland
1397,United Kingdom,Spain
1397,United Kingdom,United States
1398,United States,Thailand
1407,United States,South Korea
1408,United States,Canada
1424,Canada,United States
1424,Canada,Cayman Islands
1434,France,Canada
1435,Canada,Hungary
1435,Canada,United States
1447,United States,Canada
1463,Canada,United Kingdom
1463,Canada,United States
1467,United Kingdom,Germany
1467,United Kingdom,France
1467,United Kingdom,United States
1485,United States,Canada
1488,France,Algeria
1506,United Kingdom,Finland
1506,United Kingdom,Germany
1506,United Kingdom,United States
1506,United Kingdom,Australia
1506,United Kingdom,Japan
1506,United Kingdom,France
1506,United Kingdom,Ireland
1510,United States,United Kingdom
1538,United States,Japan
1551,United Kingdom,Canada
1551,United Kingdom,United States
1563,Canada,United States
1599,France,Belgium
1608,United States,France
1608,United States,Serbia
1610,United States,Italy
1618,United States,Ireland
1618,United States,United Kingdom
1618,United States,India
1619,United Kingdom,Singapore
1622,United States,Canada
1624,United States,Malta
1624,United States,France
1624,United States,United Kingdom
1626,United States,China
1626,United States,Canada
1650,United Kingdom,United States
1664,United States,Russia
1685,United States,Japan
1689,United Kingdom,United States
1691,United States,Canada
1696,Canada,United States
1696,Canada,Ireland
1698,United Kingdom,United States
1714,United States,Canada
1747,Canada,United States
1760,United States,France
1760,United States,Denmark
1762,United States,China
1762,United States,Colombia
1764,United Kingdom,France
1764,United Kingdom,Germany
1764,United Kingdom,United States
1765,France,United States
1810,Canada,Belgium
1812,Canada,United Kingdom
1822,France,Belgium
1822,France,Italy
1826,France,Lebanon
1827,France,Lebanon
1827,France,United Kingdom
1829,France,Norway
1829,France,Lebanon
1829,France,Belgium
1842,United States,United Kingdom
1842,United States,India
1843,United States,Russia
1878,United States,Canada
1886,United States,United Kingdom
1913,United States,Mexico
1916,United States,United Kingdom
1921,United States,Bulgaria
1930,United Kingdom,Kenya
1957,United States,India
1991,United Kingdom,France
1991,United Kingdom,Germany
1991,United Kingdom,Spain
1997,United Kingdom,France
1997,United Kingdom,United States
1997,United Kingdom,Belgium
1997,United Kingdom,Luxembourg
1997,United Kingdom,China
1997,United Kingdom,Germany
2001,France,United States
2003,United States,France
2003,United States,Canada
2003,United States,Belgium
2006,United Kingdom,China
2070,France,Australia
2070,France,Germany
2079,United States,Belgium
2079,United States,Canada
2079,United States,France
2085,United Kingdom,United States
2094,United States,Philippines
2120,United Kingdom,United States
2121,United States,United Kingdom
2121,United States,Canada
2121,United States,China
2130,United States,Nigeria
2138,United Kingdom,United States
2139,United States,France
2149,United States,Canada
2149,United States,United Kingdom
2190,United States,Canada
2213,United Kingdom,United States
2224,France,Belgium
2224,France,Luxembourg
2224,France,Cambodia
2224,France,
2227,United Kingdom,Australia
2233,France,Belgium
2260,United States,France
2262,United States,China
2307,United States,Canada
2311,United States,Germany
2311,United States,Canada
2314,United Kingdom,United States
2317,United States,Mexico
2323,United Kingdom,Nigeria
2354,France,Egypt
2363,France,Brazil
2363,France,Spain
2363,France,Belgium
2366,France,Egypt
2377,Canada,South Korea
2377,Canada,United States
2379,United Kingdom,United States
2384,United Kingdom,United States
2395,United States,France
2395,United States,Canada
2415,United States,Mexico
2415,United States,Spain
2415,United States,Malta
2423,United States,Canada
2455,United Kingdom,Germany
2455,United Kingdom,United Arab Emirates
2455,United Kingdom,New Zealand
2460,France,Egypt
2493,Canada,Nigeria
2530,United Kingdom,Spain
2553,United Kingdom,Germany
2553,United Kingdom,United States
2553,United Kingdom,France
2578,France,Belgium
2596,United States,United Kingdom
2599,United States,Mexico
2599,United States,Colombia
2600,United States,Canada
2632,United Kingdom,United States
2632,United Kingdom,Japan
2634,France,Belgium
2634,France,United States
2656,Canada,United States
2656,Canada,United Kingdom
2668,France,Belgium
2677,United States,United Kingdom
2677,United States,Japan
2692,United States,Argentina
2693,United Kingdom,Italy
2712,United Kingdom,France
2712,United Kingdom,Belgium
2712,United Kingdom,Canada
2712,United Kingdom,United States
2758,Canada,United States
2788,United States,Japan
2807,United Kingdom,United States
2807,United Kingdom,Ireland
2828,Canada,United States
2847,United States,Canada
2860,United Kingdom,United States
2860,United Kingdom,France
2866,United Kingdom,Canada
2866,United Kingdom,United States
2903,France,Malta
2903,France,United States
2911,United Kingdom,France
2911,United Kingdom,Belgium
2911,United Kingdom,Ireland
2911,United Kingdom,United States
2933,United States,Norway
2933,United States,Canada
2941,Canada,United States
2961,Canada,South Africa
2962,France,South Korea
2962,France,Japan
2962,France,United States
2981,France,Belgium
3008,United States,United Kingdom
3008,United States,France
3008,United States,Germany
3008,United States,Japan
3016,United States,France
3016,United States,Japan
3018,United Kingdom,France
3018,United Kingdom,United States
3021,United Kingdom,United States
3058,United States,South Korea
3062,United States,Spain
3101,France,Japan
3116,United Kingdom,Italy
3117,United States,Poland
3118,United States,Mexico
3121,United Kingdom,United States
3125,United Kingdom,United States
3125,United Kingdom,Germany
3125,United Kingdom,Denmark
3125,United Kingdom,Belgium
3125,United Kingdom,Japan
3169,United Kingdom,United States
3179,United Kingdom,Nigeria
3207,France,Senegal
3207,France,Belgium
3208,United Kingdom,Canada
3226,Canada,Norway
3246,United States,Canada
3261,United Kingdom,France
3262,United States,Chile
3264,United Kingdom,Japan
3264,United Kingdom,United States
3295,United Kingdom,Canada
3295,United Kingdom,United States
3317,United States,Canada
3319,United States,South Korea
3319,United States,Japan
3320,United States,Canada
3323,United States,Canada
3342,United States,Japan
3345,Canada,Australia
3347,United Kingdom,Hungary
3347,United Kingdom,Australia
3355,United States,Japan
3374,United States,United Kingdom
3374,United States,Germany
3391,France,Belgium
3391,France,Luxembourg
3391,France,Romania
3391,France,Canada
3391,France,United States
3421,United States,United Kingdom
3447,United Kingdom,Hong Kong
3449,United Kingdom,Canada
3450,Canada,United States
3484,United States,Canada
3490,United States,Mexico
3528,United States,United Kingdom
3551,United Kingdom,United States
3553,United States,Canada
3588,United States,Japan
3623,United States,Japan
3629,United Kingdom,United States
3639,France,Belgium
3675,France,United States
3697,United States,Spain
3746,France,Belgium
3766,France,Luxembourg
3766,France,Canada
3803,United States,Mexico
3857,United Kingdom,Belgium
3857,United Kingdom,Sweden
3861,Canada,Brazil
3930,Canada,Germany
3938,United States,United Kingdom
3942,Canada,United States
3958,United States,Japan
3970,France,Canada
4003,France,Belgium
4011,United States,Taiwan
4053,France,Belgium
4059,United States,France
4062,United Kingdom,Malawi
4095,United Kingdom,Russia
4095,United Kingdom,United States
4114,United States,Canada
4145,United States,Canada
4170,United States,Germany
4175,United Kingdom,United States
4262,United Kingdom,Ireland
4262,United Kingdom,United States
4267,France,Belgium
4292,Canada,Germany
4292,Canada,France
4292,Canada,United States
4294,United Kingdom,Japan
4310,Canada,United States
4319,United Kingdom,United States
4359,United States,Canada
4363,United States,Sweden
4373,United States,Canada
4380,United States,Mexico
4383,France,Belgium
4404,United Kingdom,United States
4409,France,Belgium
4418,France,Iran
4418,France,United States
4431,United Kingdom,India
4475,United States,United Kingdom
4476,United States,Czech Republic
4492,United Kingdom,Canada
4492,United Kingdom,United States
4492,United Kingdom,Cayman Islands
4510,United Kingdom,United States
4519,United States,Israel
4519,United States,United Kingdom
4519,United States,Canada
4537,United Kingdom,India
4537,United Kingdom,United States
4539,United States,Bulgaria
4550,United Kingdom,West Germany
4553,United States,United Kingdom
4590,United States,Canada
4616,United States,United Kingdom
4626,United Kingdom,United States
4634,Canada,United States
4653,United States,
4661,United Kingdom,United States
4665,France,Belgium
4673,United States,Czech Republic
4676,United States,Brazil
4676,United States,South Korea
4676,United States,Mexico
4676,United States,Japan
4676,United States,Germany
4701,United States,India
4705,United Kingdom,France
4705,United Kingdom,United States
4748,France,Belgium
4764,Canada,United States
4784,France,Luxembourg
4784,France,United States
4809,United Kingdom,United States
4813,United States,Canada
4819,United States,Canada
4819,United States,Ireland
4852,United States,Mexico
4857,Canada,United States
4857,Canada,France
4868,United Kingdom,United States
4873,Canada,Japan
4873,Canada,United States
4875,United Kingdom,Canada
4875,United Kingdom,United States
4875,United Kingdom,Germany
4879,United States,Japan
4879,United States,Canada
4921,Canada,United States
4927,United States,Canada
4927,United States,Indonesia
4927,United States,United Kingdom
4927,United States,China
4927,United States,Singapore
4941,United Kingdom,South Africa
4941,United Kingdom,Australia
4941,United Kingdom,United States
4963,United Kingdom,Spain
4963,United Kingdom,United States
4963,United Kingdom,Germany
4992,United Kingdom,United States
5028,United Kingdom,Germany
5042,United Kingdom,Canada
5052,United States,Mexico
5069,United States,New Zealand
5073,Canada,United States
5090,United Kingdom,United States
5118,Canada,Germany
5118,Canada,South Africa
5164,Canada,United States
5205,Canada,United States
5237,United States,Canada
5239,United States,Italy
5243,France,United Kingdom
5243,France,United States
5260,France,Morocco
5262,United States,Japan
5269,United States,Canada
5271,United States,Denmark
5305,United States,Colombia
5305,United States,Mexico
5312,United Kingdom,Italy
5312,United Kingdom,Israel
5312,United Kingdom,Peru
5312,United Kingdom,United States
5323,United Kingdom,France
5323,United Kingdom,United States
5323,United Kingdom,Belgium
5341,France,Canada
5341,France,China
5341,France,Cambodia
5344,United Kingdom,France
5344,United Kingdom,Belgium
5344,United Kingdom,United States
5392,United States,Canada
5412,United States,Canada
5413,United States,United Kingdom
5422,United States,Japan
5422,United States,Canada
5440,Canada,United States
5455,France,United Kingdom
5455,France,India
5456,Canada,United States
5491,France,Canada
5501,France,Belgium
5502,France,Belgium
5508,United States,Australia
5508,United States,China
5512,Canada,United States
5531,France,Belgium
5558,United States,United Kingdom
5558,United States,Australia
5570,United Kingdom,Japan
5570,United Kingdom,United States
5610,United Kingdom,United States
5621,Canada,United States
5641,United Kingdom,Jordan
5641,United Kingdom,Qatar
5641,United Kingdom,Iran
5649,France,Belgium
5659,France,South Korea
5659,France,Japan
5677,Canada,Japan
5677,Canada,Netherlands
5682,United States,Hungary
5686,France,Germany
5693,Canada,United States
5714,France,Qatar
5737,Canada,United States
5738,United Kingdom,Germany
5738,United Kingdom,Canada
5740,France,Belgium
5752,United Kingdom,France
5769,United States,Russia
5773,United States,Canada
5792,Canada,United States
5829,United States,France
5848,Canada,United Kingdom
5848,Canada,United States
5893,United Kingdom,Ukraine
5893,United Kingdom,United States
5925,United Kingdom,
5930,United States,Bermuda
5930,United States,Ecuador
5933,United States,Hungary
5933,United States,Ireland
5933,United States,Canada
5935,United Kingdom,Egypt
5935,United Kingdom,United States
5939,United States,United Kingdom
5953,United States,France
5953,United States,United Kingdom
5981,United States,South Africa
5992,United States,Germany
6027,United States,China
6030,United States,United Kingdom
6031,United Kingdom,United States
6034,Canada,United States
6057,United States,United Kingdom
6057,United States,France
6081,United Kingdom,United States
6081,United Kingdom,France
6081,United Kingdom,Germany
6085,United States,United Kingdom
6093,Canada,United States
6098,United States,Chile
6109,United States,Bulgaria
6122,United Kingdom,France
6122,United Kingdom,Germany
6123,United States,Germany
6123,United States,Canada
6125,United States,India
6142,Canada,Luxembourg
6144,United Kingdom,United States
6147,United States,Canada
6180,United States,Canada
6181,France,Canada
6181,France,Belgium
6186,United Kingdom,United States
6193,United States,Canada
6194,Canada,France
6205,France,United States
6205,France,Mexico
6215,United States,Canada
6240,United States,Canada
6241,United States,Canada
6248,United States,France
6256,United States,Australia
6260,United Kingdom,United States
6270,United Kingdom,Ireland
6292,United States,India
6301,United States,France
6301,United States,Japan
6305,United States,Germany
6311,United Kingdom,France
6322,United States,United Kingdom
6338,France,Belgium
6338,France,Spain
6342,United States,France
6353,United States,Iceland
6363,United Kingdom,Russia
6365,Canada,United States
6371,United States,Israel
6371,United States,Italy
6371,United States,South Africa
6402,United Kingdom,Pakistan
6415,United States,United Kingdom
6417,France,New Zealand
6422,United Kingdom,United States
6422,United Kingdom,Australia
6425,United States,Mexico
6427,United Kingdom,Czech Republic
6427,United Kingdom,United States
6427,United Kingdom,Germany
6427,United Kingdom,Bahamas
6433,United States,Australia
6445,United States,Sweden
6446,United Kingdom,United States
6472,United States,India
6472,United States,Bangladesh
6473,United Kingdom,United States
6474,United States,Canada
6474,United States,France
6478,Canada,United States
6492,United States,United Kingdom
6492,United States,Australia
6500,United Kingdom,United States
6502,France,Germany
6502,France,Switzerland
6510,United States,Germany
6518,Canada,United States
6518,Canada,United Kingdom
6523,United Kingdom,Canada
6523,United Kingdom,Italy
6540,United States,Germany
6554,United States,India
6565,United Kingdom,Poland
6565,United Kingdom,United States
6566,United States,United Kingdom
6566,United States,France
6570,United Kingdom,United States
6597,United Kingdom,South Africa
6608,France,Belgium
6609,United Kingdom,United States
6619,United States,Italy
6619,United States,United Kingdom
6619,United States,Liechtenstein
6626,United States,Australia
6626,United States,Mexico
6634,United Kingdom,Czech Republic
6634,United Kingdom,Germany
6634,United Kingdom,United States
6640,France,China
6640,France,Japan
6640,France,United States
6646,United States,South Korea
6646,United States,China
6652,United States,Chile
6670,United States,Canada
6670,United States,Belgium
6670,United States,United Kingdom
6691,Canada,France
6691,Canada,Italy
6691,Canada,Morocco
6691,Canada,United States
6698,Canada,Spain
6698,Canada,France
6702,United States,Indonesia
6711,United Kingdom,United States
6724,United Kingdom,United States
6754,United States,Canada
6755,United States,Germany
6759,United Kingdom,Canada
6759,United Kingdom,United States
6767,Canada,United States
6787,United Kingdom,Israel
6787,United Kingdom,Russia
6793,United States,Germany
6794,United States,Brazil
6798,United States,France
6798,United States,Mexico
6799,United States,Nicaragua
6808,France,United Kingdom
6808,France,United States
6810,United Kingdom,United States
6810,United Kingdom,Spain
6810,United Kingdom,Germany
6810,United Kingdom,Greece
6810,United Kingdom,Canada
6811,United Kingdom,United States
6811,United Kingdom,Spain
6811,United Kingdom,Germany
6811,United Kingdom,Greece
6811,United Kingdom,Canada
6812,United Kingdom,United States
6812,United Kingdom,Spain
6812,United Kingdom,Germany
6812,United Kingdom,Greece
6812,United Kingdom,Canada
6814,Canada,United States
6817,United States,United Kingdom
6826,United States,Italy
6837,United States,Australia
6840,United Kingdom,United States
6847,United States,Australia
6854,United Kingdom,Denmark
6854,United Kingdom,Canada
6854,United Kingdom,Croatia
6866,United Kingdom,United States
6878,United States,France
6878,United States,United Kingdom
6878,United States,Japan
6879,United States,United Kingdom
6879,United States,Denmark
6879,United States,Sweden
6882,United States,Canada
6883,United States,United Kingdom
6884,United States,United Kingdom
6884,United States,Italy
6886,United States,France
6886,United States,Canada
6886,United States,Spain
6909,United States,United Kingdom
6909,United States,Canada
6910,United States,Japan
6928,United States,Canada
6928,United States,Germany
6931,United States,Canada
6941,Canada,United States
6944,United States,United Arab Emirates
6952,United States,China
6953,United States,Canada
6955,Canada,United Kingdom
6984,United States,Ireland
6995,United States,South Africa
6997,United States,Canada
7009,United States,Canada
7010,United States,Canada
7012,United States,United Kingdom
7016,Canada,United Kingdom
7016,Canada,Netherlands
7027,United States,Spain
7027,United States,Germany
7029,United States,Italy
7047,United Kingdom,France
7047,United Kingdom,Belgium
7051,Canada,Ireland
7051,Canada,United States
7055,United States,France
7057,United States,Germany
7061,United Kingdom,United States
7061,United Kingdom,Dominican Republic
7065,United Kingdom,United States
7066,United States,Senegal
7098,Canada,United States
7098,Canada,United Kingdom
7098,Canada,France
7098,Canada,Luxembourg
7110,France,Belgium
7112,United States,Ireland
7151,United States,Australia
7156,United Kingdom,Germany
7156,United Kingdom,Canada
7156,United Kingdom,United States
7164,United States,France
7164,United States,Canada
7164,United States,Lebanon
7164,United States,Qatar
7197,United States,Japan
7208,United States,Canada
7211,France,Belgium
7211,France,China
7211,France,United States
7218,United States,Chile
7218,United States,Israel
7220,United States,United Kingdom
7220,United States,Australia
7223,United Kingdom,Norway
7223,United Kingdom,Denmark
7223,United Kingdom,Germany
7223,United Kingdom,Sweden
7267,United States,Mexico
7270,United Kingdom,South Korea
7271,United States,France
7274,United States,Ireland
7281,United States,Canada
7282,United States,Australia
7292,United States,Italy
7308,United States,India
7315,United States,Greece
7315,United States,Brazil
7327,United Kingdom,United States
7328,France,United States
7332,United Kingdom,United States
7341,United States,Australia
7341,United States,Samoa
7341,United States,United Kingdom
7377,France,Belgium
7390,United States,China
7390,United States,Hong Kong
7391,United Kingdom,France
7403,Canada,United States
7417,United States,United Kingdom
7444,Canada,Spain
7452,United States,Cambodia
7454,United States,Greece
7460,Canada,United States
7461,United States,Canada
7471,United States,United Kingdom
7472,United Kingdom,Poland
7482,United States,Spain
7503,United States,Germany
7506,United Kingdom,United States
7508,France,Belgium
7541,United States,Canada
7542,United States,Canada
7549,United Kingdom,United States
7553,United States,Mexico
7556,United States,Botswana
7568,United Kingdom,United States
7571,United States,United Kingdom
7572,United States,United Kingdom
7587,United States,Australia
7589,Canada,United States
7596,United States,India
7596,United States,South Korea
7596,United States,China
7622,United Kingdom,Canada
7635,France,Switzerland
7635,France,Spain
7635,France,United States
7635,France,United Arab Emirates
7684,Canada,United States
7684,Canada,Germany
7687,United Kingdom,Thailand
7724,United Kingdom,United States
7726,United States,Spain
7730,France,Germany
7730,France,Czech Republic
7730,France,Belgium
7732,United States,Australia
7734,France,Belgium
7750,France,Belgium
7751,United States,United Kingdom
7753,Canada,United States
7764,United States,France
7764,United States,Japan
7766,France,Japan
7766,France,United States
7767,United States,France
7767,United States,Japan
7769,United States,New Zealand
7770,United States,New Zealand
7770,United States,Japan
7772,United States,New Zealand
7783,United States,France
7783,United States,Japan
7784,United States,Netherlands
7784,United States,Japan
7784,United States,France
7785,United States,France
7785,United States,Japan
7803,Canada,India
7809,United Kingdom,United States
7811,United States,Morocco
7853,Canada,Mexico
7853,Canada,Germany
7853,Canada,South Africa
7855,United Kingdom,United States
7855,United Kingdom,Canada
7865,United States,United Kingdom
7870,United Kingdom,Ireland
7878,United States,Japan
7887,United States,Uruguay
7891,United Kingdom,Germany
7901,United States,Germany
7901,United States,Australia
7949,United States,United Kingdom
7949,United States,Australia
7960,United States,United Kingdom
7960,United States,Canada
7960,United States,Japan
7969,United States,United Kingdom
7969,United States,Spain
7969,United States,South Korea
7979,United States,United Kingdom
7981,United Kingdom,France
7981,United Kingdom,United States
7988,United Kingdom,France
8002,United Kingdom,United States
8003,United States,Germany
8003,United States,United Kingdom
8003,United States,Australia
8010,United States,United Arab Emirates
8011,United Kingdom,United States
8018,Canada,France
8018,Canada,United States
8022,United States,Colombia
8034,United States,France
8041,United Kingdom,New Zealand
8072,United States,France
8081,Canada,United States
8081,Canada,United Kingdom
8093,United States,Canada
8101,United States,United Kingdom
8102,France,United States
8102,France,Canada
8116,United Kingdom,France
8116,United Kingdom,Canada
8116,United Kingdom,Belgium
8116,United Kingdom,United States
8125,United States,South Korea
8125,United States,China
8138,United States,United Kingdom
8139,United States,Canada
8140,United States,Sweden
8146,United States,Germany
8147,France,United States
8148,United Kingdom,United States
8159,United States,Hong Kong
8162,United States,Kazakhstan
8166,United States,Germany
8166,United States,United Kingdom
8167,United States,Germany
8167,United States,United Kingdom
8167,United States,Italy
8171,United Kingdom,India
8184,United States,New Zealand
8184,United States,United Kingdom
8195,Canada,United States
8196,United States,Canada
8197,France,Canada
8197,France,United States
8198,United Kingdom,United States
8212,Canada,United States
8221,United States,Canada
8221,United States,China
8222,United Kingdom,United States
8228,United States,Czech Republic
8228,United States,United Kingdom
8232,United States,China
8247,United Kingdom,United States
8261,United Kingdom,Japan
8261,United Kingdom,United States
8263,United Kingdom,United States
8266,United States,United Kingdom
8271,Canada,Australia
8272,United States,Hong Kong
8281,United States,Hong Kong
8286,United Kingdom,Lithuania
8291,United Kingdom,United States
8299,United States,Greece
8299,United States,United Kingdom
8307,United States,China
8309,United Kingdom,China
8309,United Kingdom,United States
8309,United Kingdom,India
8312,United States,Greece
8315,United Kingdom,United States
8320,United States,Sweden
8320,United States,Norway
8326,United Kingdom,United States
8326,United Kingdom,Morocco
8327,United States,United Kingdom
8327,United States,Morocco
8333,United States,Australia
8352,United States,India
8352,United States,United Arab Emirates
8354,United Kingdom,United States
8356,United Kingdom,Canada
8356,United Kingdom,France
8356,United Kingdom,United States
8369,United Kingdom,France
8377,United Kingdom,United States
8377,United Kingdom,Australia
8378,Canada,United States
8384,France,United States
8393,Canada,United States
8395,France,Canada
8395,France,Italy
8395,France,United States
8395,France,China
8406,United Kingdom,Germany
8406,United Kingdom,United States
8410,United States,Australia
8410,United States,South Africa
8410,United States,United Kingdom
8411,United Kingdom,United States
8411,United Kingdom,Spain
8411,United Kingdom,Germany
8411,United Kingdom,Greece
8411,United Kingdom,Canada
8413,United States,Germany
8413,United States,Mexico
8420,United States,United Kingdom
8426,United States,Canada
8452,United Kingdom,United States
8454,United States,Czech Republic
8457,United Kingdom,United States
8462,Canada,United States
8464,United States,United Kingdom
8465,United States,Czech Republic
8473,United States,Germany
8477,United States,Canada
8477,United States,Japan
8477,United States,Panama
8483,United Kingdom,Spain
8483,United Kingdom,Belgium
8494,United States,United Kingdom
8501,United States,France
8501,United States,Japan
8523,United States,Canada
8525,United States,United Kingdom
8531,United States,United Arab Emirates
8558,United Kingdom,Canada
8558,United Kingdom,United States
8564,United Kingdom,United States
8581,United States,Canada
8583,United Kingdom,Australia
8583,United Kingdom,Canada
8583,United Kingdom,United States
8597,United States,Venezuela
8601,United Kingdom,Canada
8601,United Kingdom,Japan
8603,United Kingdom,United States
8604,United Kingdom,United States
8604,United Kingdom,Czech Republic
8616,United Kingdom,China
8616,United Kingdom,United States
8617,United Kingdom,Brazil
8617,United Kingdom,Germany
8626,United States,South Africa
8632,United Kingdom,Namibia
8632,United Kingdom,South Africa
8632,United Kingdom,Zimbabwe
8632,United Kingdom,United States
8638,Canada,United States
8638,Canada,India
8638,Canada,United Kingdom
8640,United States,United Kingdom
8651,United States,France
8654,United Kingdom,Canada
8654,United Kingdom,United States
8661,United Kingdom,Germany
8662,Canada,India
8668,United States,United Kingdom
8668,United States,Germany
8674,United Kingdom,India
8674,United Kingdom,Sweden
8676,United Kingdom,Belgium
8694,United States,Canada
8696,United States,India
8702,United States,Brazil
8702,United States,India
8702,United States,Uganda
8702,United States,China
8703,United Kingdom,France
8703,United Kingdom,United States
8708,United States,Argentina
8715,United States,France
8727,United Kingdom,India
8727,United Kingdom,United States
8738,Canada,India
8738,Canada,Thailand
8738,Canada,United States
8738,Canada,United Arab Emirates
8745,United States,East Germany
8745,United States,West Germany
8746,France,Netherlands
8746,France,South Africa
8746,France,Finland
8765,Canada,United States
8776,France,Belgium
8797,United States,France
8797,United States,South Korea
8797,United States,Indonesia
